NAME,SURNAME,AGE,GENDER,CASTE,MOBILE,MEMBERSHIP,VOTER-ID,GRADUATE,ASSEMBLY-CODE,BOOTH-CODE,DOOR_NUMBER,STREET,PINCODE,EMAIL,VEHICLE
rathna,l,34,m,bc,8522588520,8522588520,,,108,33,,,,,
rathna,l,35,m,bc,8522588521,8522588520,,,108,33,,,,,
rathna,l,36,m,bc,8522588520,8522588522,,,108,33,,,,,
rathna,l,37,m,bc,8522588520,8522588520,,,108,33,,,,,
rathna,l,38,m,bc,8522588540,8522588520,,,108,33,,,,,
rathna,l,39,m,Christian,8522588541,8522588541,QW787878754@#,,108,33,,,,,
rathna,l,40,m,Muslim,8522588542,8522588542,QW787878754@^,,108,33,,,,,
rathna,l,41,m,Muslim,522588542,522588542,,,108,33,,,,,
santhosh,e,29,m,oc,7143333333,7143333331,,NO,108,33,,,,,
dillp Kumar,N,30,Male,bc,7143333334,7143333232,,yes,108,33,,,,,
Kavitha,e,30,Female,sc,7143333335,7143333233,,no,108,33,,,,,
Renuka,e,25,F,st,7143333336,7143333234,,Yes,108,33,,,,,
Renuka,e,25,Male,others,7143333337,7143333335,,No,108,33,,,,,
Renuka,e,25,female,christian,7143333338,7143333336,,YES,108,33,,,,,
Renuka,e,25,F EMALE,muslim,7143333339,7143333337,,,108,33,,,,,
Renuka,e,25,M,OC,7143333340,7143333338,,,108,33,,,,,
Renuka,e,25,F,BC,7143333341,7143333339,,,108,33,,,,,
Renuka,e,25,m,SC,7143333342,7143333340,,,108,33,,,,,
Renuka,e,25,f,ST,7143333343,7143333341,,,108,33,1-123,,,,
Renuka,e,25,f,OTHERS,7143333344,7143333342,,,108,33,,,,,
Renuka,e,25,f,Christian,7143333345,7143333343,,,108,33,#2-2,,,,
Renuka,e,25,f,Muslim,7143333346,7143333344,,,108,36,# 3-10/2-B,,,,
Renuka,e,25,f,Christain,7143333347,7143333345,,,108,36,# 10-1-92/3/112-B,,,,
Renuka,e,25,f,mus,7143333348,7143333346,aaaaaaaaaaaaaaa,y,108,36,,,,,
Nagendra ,k,25,M,oc,7747474747,7747474747,14444488Abcxgfh,yES,108,36,#2-23,Nsdsokd,789569,nagendrakorada123@gmail.com,4
Nagendra ,k,25,M,oc,7747474748,7747474748,14444488Abcxgf77,yES,108,36,#2-2,NS-Ssdsd@,789569,nagendra.korada@dhanushinfotech.net,2
Nagendra ,k,25,M,oc,7747474749,7747474749,14444488Abcxgfh86,yES,108,36,#2-2,NS-S,789569,nagendra_korada@yahoo.co.in,4
Nagendra ,k,25,M,oc,7747474750,7747474750,14444488Abcxgfh747,yES,108,36,23163,NS-S,789569,nagemndrakorada@gmail.net,2
Nagendra ,k,25,M,oc,7747474751,7747474751,14444488Abcxgfh744,yES,108,36,*23163,NS-S,789569,NagendraKorada123@gmail.com,4
Nagendra ,k,25,M,oc,7747474752,7747474752,14444488AbcxgfhASD,yES,108,36,*23163,NS-S,789569,jshdhsdj@linkiden.com,2
,,,,,,,,,,,,,,,
santhosh,e,29,m,oc,9123456789,9123456789,93455789,yes,11058,132,19480,PEDDA---,532421,plainaddress,None
abc,x,30,Male,OC,9000000000,1000000000,1010107010,N,10,26,"23-34,nhh",12334,52365,#@%^%#$@#$@#.com ,none
sri ram,l,26,m,oc,9586472585,1585858585,,,,,23163,!#,nbvhg, @domain.com,N    ONE
xyz kumari,I k,31,Female,OC,9000000001,1000000001,1010101071,,10,26,# 56,!@,532     1,Joe Smith <email@gmal.com>,two wheer
xyz kumari,I k,32,Female,OC,9000000011,1000000011,7.41E+11,,nam,name,23163,naras--,5    6,email.gmail.com,two wheeler
xyz kumari,I k,33,Female,OC,9000000021,1000000021,1A2S3Q4S5A2W454,,@,@,ascff,dhhsd,5236526,"""email""@gmail.com",Two Wheeler
xyz kumari,I k,34,Female,OC,9000000031,1000000031,1111111jsjsjsjsjs,,21,21,^&^^&,212121,#122s,1234567890@gmail.com,T      wo Wheeler
korada,hgj,25,MALe,Others,965742135,91234567890,5463714589,YES,,,":""""",:'.';,2aas,_______@gmail.com,Two W     heeler
BALA kumari,elpanda,25,Male,SC,9523457412,9523457412,uu5468514587,,108,800,$!#,sdsd,,email@gmail.co.jp,2585
BALA kumari,elpanda,26,Male,S C,8523457412,8523457412,uu5463214587,,108,26,HD,NAEA,#@,plainaddress,_+7585
BALA,v,25,Male,OC,8523697412,2365895402,ii54632145907,123,108,33,SD,"NARASANNAP\ETA  ,fdf,dfdfd",8523@,gmail.com,foue Wheeller
,,,,,1234567890,,,,108,33,2-Feb,,,email.gmail.com,four Wheeler
raju,h,18,Male,abc,7896325417,5638276267,54641274589,No,108,36,3-Jun,,,gmail@gmail@gmail.com,f     our Wheeler
,,,,abc,7896325489,,,,108,36,Jun-65,,,.email@gmail.com ,four w  heeler
BALA,j,20,Male,OC,7289632510,9632587423,,NO,108,36,42892,,,email.@gmail.com,Four Wheeler
BALA,j,hu,Male,st,,2354698745,dd54632145925,!!,108,33,23163,,,email..email@gmail.com,fo wheer
BALA kumr,j,10,Male,OC,7289632510,9632587410,xx,YES,108,33,,,,email@-gmail.com,@
BALA kumr,j,ghg,Male,Bc,7289632520,9632587410,sd5463214597,YES,108,33,,,,email@gmail.web,Both
,,,male,OC,85421369782,58965236,63214591,YES,108,33,,,,email@gmail..com,both
raju,nt,20,Male,others,9703332968,1000122356,5463214591,YES,108,33,,,,12ASSA@gmail.com,b    oth
raju,nt,21,Male,other,9703332968,1000122356,5463214591,YES,108,33,,,,nagendra.korada@GMAIL.COM,    both    
SUNITHA kumar,nt,22,MALE,bc,9703332987,1000122356,wxx5463214591,YES,108,33,,,,A12hds@gmail.com,both      
rohith kumar,nt,22,Male,o,9703332987,1000567896,Male,YES,108,33,,,,123Qgdg@gmail.com,2
rohith kumar,k,22,Male,,9703332987,1000567897,,YES,108,33,,,,dillpjuj@yahoo.co.in&,4
abcgdjkjki,avf,kl,abc,scc,abcgdfhgjk,abcdehgjhg,hjuh1274554,YES,108,33,,,,dillpjuj@yahoo.co.i%,5
##yuojhnjh,()juojukio,31,female,bc,!!^&hgkenu,##wehjkldjkl,hjuh123557,YES,108,33,,,,dillpjuj@yahoo.c#,3
xyz kumari,I k,31,Male,Oc,9000000001,1000000001,1010101711,YES,108,33,,,,ffdd_gfgd12@gmail.com,
devara,I ,31,FeMale,BC,9000000001,1000000231,1010181011,YES,108,33,,,,NAGENDRAKORADA@GMAIL.COM,2
devara,I N,32,FEMALE,BC,9000000021,1000000231,1010701012,YES,108,33,,,,GFDHD@@GMAIL.COM,4
SIMHADRI,I ,31,Male,BC,9000000001,1000000231,       1010GFJKI4,YES,108,33,,,,sgdshs@gm#.com,5
RAVI kiran,N,25,Male,OC,8523697432,2365895432,5467214590,YES,108,33,,,,23243424@gmail.co*,
BALA,v,25,Male,OC,8523697432,2365895432,5467214590,   YES,108,33,,,,123111@gmail.com.innnnnnnnnnnnn,
raju kumari,kkkkkkk,25,Male,OC,8523697412,2365895401,54654214589,YES    ,108,33,,,,dsfaa@gmail12.com,
     RAGHU RAJU ,   Indukuri ,37,M,OC  ,9849466777,1006051599,AP0402801475806                 ,,108,33,    6-63     ,    nsp    ,526523,    kil@gmail.com    ,      None   
MURALI MOHAN  RAJU    ,B ,3    4  ,M ale,O C  ,9441633112,1027151043,AP040280147643   ,,108,33,,,,,
APPALANARASAYYAMMA,Budda raju,37,  M,OC  ,9553852780,2001874060,                 AP040220147248    ,,108,33,,,,,
RAMAKRISHNA,Pentakota,3  7, M ,   OC  ,850   0904353,200   1874867,AP040     280127340,Y es,108,33,7-75    kjkj,gasfa    jhh,85  25 ,nagendrakorada       123@gmail.com,4
VALLAPU RAJU,Dandasi,37, M    ale,OC  ,9494780521,2001874057,          ZAL02544392,,108,33,,,,,4 wheeler
          ,         ,        ,              ,  ,           ,             ,  ,       , ,,  ,   ,  ,   ,2
 bbb, www  ,24,,    ,9445780521,211187404,ZAL0254439245,,108,33,,,,nag123@gmail.net,
nn,N.,54,M,o c,9445780522,2111874058,ZAL0254439246,,108,33,,,,se233@gmail.web,
chowdary ,j,28,Male,,9445780523,2111874059,,,108,33,,,,,
,j,28,Male,,9445780524,2111874060,,,108,33,,,,,
tiru,,23,m,,9445780525,2111874061,,,108,33,,,,,
sai,g,,m,,9445780526,2111874062,,,108,33,,,,,
king,h,30,,,9445780527,2111874063,,,108,33,,,,,
king,h,31,M,,,2111874063,,,108,33,,,,,
king,h,32,M,,9474572586,,,,108,33,,,,,
12,123,123,123,123,1223,1223,13213,,,,,,,,
Vinod,k,30,m,MUSLIM,7143333349,7143333347,Aasd1234548798,yes,108,36,0,nsp,852369,nagEndra@gmail.com,2
rajesh,k,30,m,Christian,7143333350,7143333348,Aasd1234548799,no,108,36,43,gf,741565,nndfd@gmail.com,None
Nagendra,K K,23,m,Christian,7143333351,7143333349,Aasd1234548794,no,108,36,#65,dhhsd,753357,wrer@gmail.com,2
Nagendra,K K,23,m,Christian,7143333352,7143333350,,,108,36,19480,PEDDA---,532421,plainaddress,N    ONE
Nagendra,K K,23,m,Christian,7143333353,7143333351,,,108,36,"23-34,nhh",12334,52365,dsfaa@gmail12.c12,two wheer
Nagendra,K K,23,m,Christian,7143333354,7143333352,,,108,36,23163,!#,nbvhg, @domain.com,two wheeler
Nagendra,K K,23,m,Christian,7143333355,7143333353,,,108,36,# 56,!@,532     1,Joe Smith <email@gmal.com>,Two Wheeler
Nagendra,K K,23,m,Christian,7143333356,7143333354,,,108,36,23163,naras--,5    6,email.gmail.com,T      wo Wheeler
Nagendra,K K,23,m,Christian,7143333357,7143333355,,,108,36,ascff,dhhsd,5236526,"""email""@gmail.com",Two W     heeler
Nagendra,K K,23,m,Christian,7143333358,7143333356,,,108,36,^&^^&,212121,#122s,1234567890as@gmail.com,2585
Nagendra,K K,23,m,Christian,7143333359,7143333357,,,108,36,":""""",:'.';,2aas,_______@gmail.com,_+7585
Nagendra,K K,23,m,Christian,7143333360,7143333358,,,108,36,$!#,sdsd,,email@gmail.co.jp,foue Wheeller
Nagendra,K K,23,m,Christian,7143333361,7143333359,,,108,36,HD,NAEA,#@,plainaddress,four Wheeler
Nagendra,K K,23,m,Christian,7143333362,7143333360,,,108,36,SD,NARASANNAP\ETA  ,8523@,gmail.com,f     our Wheeler
Nagendra,K K,23,m,Christian,7143333363,7143333361,,,108,36,23163,,,email.gmail.com,four w  heeler
Nagendra,K K,23,m,Christian,7143333364,7143333362,,,108,36,,,,gmail@gmail@gmail.com,Four Wheeler
Nagendra,K K,23,m,Christian,7143333365,7143333363,,,108,36,,,,.email@gmail.com ,fo wheer
Nagendra,K K,23,m,Christian,7143333366,7143333364,,,108,36,,,,email.@gmail.com,@
Nagendra,K K,23,m,Christian,7143333367,7143333365,,,108,36,,,,email..email@gmail.com,Both
Nagendra,K K,23,m,Christian,7143333368,7143333366,,,108,36,,,,email@-gmail.com,both
Nagendra,K K,23,m,Christian,7143333369,7143333367,,,108,36,,,,email123@gmail.web,b    oth
Nagendra,K K,23,m,Christian,7143333370,7143333368,Aasd1234548794,,108,36,,,,email@gmail..com,    both    
Nagendra,K K,23,m,Christian,7143333371,7143333369,Aasd1234548794123456789,,108,36,,,,,2
